id,question,skill,choice1,choice2,choice3,choice4,correct_choice,explanation1,explanation2,explanation3,explanation4,category,status
18674,Who was the first king of Israel?,medium,Saul,David,Solomon,Joshua,1,Saul was anointed as the first king of Israel by the prophet Samuel.,"David was the second king of Israel, chosen by God after Saul's disobedience.","Solomon was the third king of Israel, succeeding his father David.",Joshua was a military leader and one of the twelve spies sent by Moses to scout out the land of Canaan.,Old Testament Characters,draft
18675,What was the name of the first man created by God according to the Old Testament?,medium,David,Adam,Moses,Abraham,2,"David was a king in Israel and a prominent figure in the Bible, but he was not the first man created by God.","Adam was the first man created by God, according to the Old Testament. He was placed in the Garden of Eden and given the command to tend to it.","Moses was a great leader in Israel who received the Ten Commandments from God, but he was not the first man created by God.","Abraham was a faithful servant of God and considered the father of many nations, but he was not the first man created by God.",Old Testament Characters,draft
18676,Which Old Testament character killed a lion with his bare hands?,medium,David,Samson,Moses,Saul,2,David slayed Goliath with a stone and sling.,"Samson was a man of incredible strength. On one occasion, he killed a lion with his bare hands.",Moses led the Israelites out of Egypt and received the Ten Commandments from God.,"Saul was the first king of Israel, chosen by God but ultimately rejected due to his disobedience.",Old Testament Characters,Draft
18677,Who was the father of King David?,medium,Isaiah,Solomon,Jesse,Samuel,3,"Isaiah was a prophet, not the father of David.","Solomon was David's son, not his father.",Jesse was the father of David.,"Samuel was a prophet who anointed David as king, but he was not his father.",Old Testament Characters,draft
18678,Who was the wife of Isaac and the mother of Jacob and Esau?,medium,Rebecca,Leah,Sarah,Rachel,1,Rebecca was the wife of Isaac and the mother of Jacob and Esau.,Leah was one of the wives of Jacob and the mother of several of his sons.,Sarah was the wife of Abraham and the mother of Isaac.,"Rachel was one of the wives of Jacob, and the mother of Joseph and Benjamin.",Old Testament Characters,draft
18679,Who was the prophet who was swallowed by a great fish?,medium,Jonah,Elijah,Elisha,Isaiah,1,"Jonah was commanded by God to go to Nineveh and preach to the people there, but he rebelled and went in the opposite direction. God sent a great fish to swallow him, and Jonah repented and finally preached to Nineveh as God had commanded.",Elijah was a prophet who confronted the idolatry of the Israelites and challenged the prophets of the false god Baal.,"Elisha was a prophet who succeeded Elijah and performed many miracles, including healing the sick and raising the dead.",Isaiah was a prophet who lived in the southern kingdom of Judah. He prophesied about the coming of the Messiah and the eventual salvation of Israel.,Old Testament Characters,draft
18680,Which Old Testament character killed an Egyptian and had to flee to Midian?,medium,Moses,David,Solomon,Joseph,1,"Moses was born in Egypt and was adopted by Pharaoh's daughter. When he saw an Egyptian beating a Hebrew, he killed the Egyptian and had to flee to Midian to escape punishment.",David was a king of Israel who is known for slaying Goliath and establishing Jerusalem as the capital city.,Solomon was a king of Israel who was known for his wisdom and wealth. He built the First Temple in Jerusalem.,Joseph was a son of Jacob who was sold into slavery by his brothers. He became a powerful ruler in Egypt and saved his family from famine.,Old Testament Characters,draft
18681,Who betrayed Jesus with a kiss in the Garden of Gethsemane?,medium,Matthew,Mark,Luke,Judas,4,Matthew is one of Jesus' disciples.,Mark is one of Jesus' disciples.,Luke is one of Jesus' disciples.,"Judas betrayed Jesus with a kiss, leading to his arrest and eventual crucifixion.",New Testament Characters,draft
18682,Who was the disciple that betrayed Jesus Christ?,medium,John,James,Judas,Paul,3,"John was one of the twelve apostles of Jesus, but he was not the one who betrayed Jesus.","James was also one of the twelve apostles of Jesus, but he was not the one who betrayed Jesus either.",Judas Iscariot was one of the twelve apostles of Jesus and he betrayed Jesus by identifying him to the soldiers with a kiss.,"Paul, also known as Saul, was not one of the twelve apostles of Jesus and he did not betray Jesus.",New Testament Characters,draft
18683,Who betrayed Jesus Christ and handed him over to the Roman authorities?,medium,Peter,Judas Iscariot,John,Andrew,2,"Peter was one of the twelve apostles of Jesus Christ, but he never betrayed him.","Judas Iscariot was one of the twelve apostles of Jesus Christ, but he betrayed him to the Roman authorities for thirty pieces of silver.","John was one of the twelve apostles of Jesus Christ, but he never betrayed him.","Andrew was one of the twelve apostles of Jesus Christ, but he never betrayed him.",New Testament Characters,draft
18684,Who was the apostle that betrayed Jesus Christ?,medium,Andrew,Judas Iscariot,James,Matthew,2,"Andrew was one of the twelve apostles, but he did not betray Jesus.",Judas Iscariot was one of Jesus' twelve apostles who famously betrayed him to the authorities for thirty pieces of silver.,"James was one of the twelve apostles, but he did not betray Jesus.","Matthew was one of the twelve apostles, but he did not betray Jesus.",New Testament Characters,draft
18685,Which New Testament character is known for being a tax collector before becoming an apostle?,medium,Matthew,Luke,Mark,John,1,"Matthew, originally known as Levi, was a tax collector before Jesus called him to become a disciple.",Luke was a physician and author of the Gospel of Luke and the Book of Acts.,Mark was a companion of the apostle Paul and author of the Gospel of Mark.,"John was a disciple of Jesus and author of the Gospel of John, as well as several letters.",New Testament Characters,draft
18686,Who was the first son of Adam and Eve?,medium,Cain,Abel,Seth,Enoch,1,Cain was the first son of Adam and Eve mentioned in the Old Testament.,Abel was the second son of Adam and Eve.,Seth was the third son of Adam and Eve.,"Enoch was the son of Jared and the father of Methuselah, but he was not the son of Adam and Eve.",Old Testament Characters,draft
18687,Which Old Testament character was known for his dreams and ability to interpret them?,medium,Daniel,Joseph,Moses,David,2,"Daniel was known for his wisdom and ability to interpret dreams, but he lived several hundred years after Joseph.","Joseph was sold into slavery by his jealous brothers, but eventually rose to become a high-ranking official in Egypt and was known for his ability to interpret dreams.","Moses was known for leading the Israelites out of slavery in Egypt and receiving the Ten Commandments from God, but he was not known for his dreams.","David was a king of Israel and known for his military prowess and as a musician, but he was not known for his dreams.",Old Testament Characters,draft
18688,Who was the first prophet in the Bible?,medium,Elijah,Moses,Elisha,Isaiah,2,Elijah was not the first prophet in the Bible.,"Moses was the first prophet in the Bible, according to Deuteronomy 34:10.","Elisha was a prophet, but he wasn't the first in the Bible.","Isaiah was a prophet who lived much later than Moses, so he couldn't be the first prophet in the Bible.",Old Testament Characters,draft
18689,Who betrayed Samson by revealing the secret of his strength?,medium,Delilah,Ruth,Naomi,Hannah,1,Delilah was a Philistine woman who was bribed by the rulers of the Philistine cities to discover the secret of Samson's strength.,Ruth was a Moabite woman who was married to an Israelite named Boaz and became the great-grandmother of King David.,Naomi was the mother-in-law of Ruth and a central character in the Book of Ruth.,"Hannah was the mother of the prophet Samuel, who anointed Saul and David as kings of Israel.",Old Testament Characters,draft
18690,What is the name of the disciple who betrayed Jesus?,medium,John,Thomas,Judas,Peter,3,"John was a disciple of Jesus, but he did not betray him.","Thomas was one of Jesus' disciples, but he did not betray him.",Judas Iscariot was a disciple of Jesus who betrayed him for 30 pieces of silver.,"Peter was a disciple of Jesus, but he did not betray him.",New Testament Characters,draft
18691,Who was the apostle known as 'the doubter' in the New Testament?,medium,John,Thomas,James,Peter,2,John was one of the twelve apostles,Thomas was known for his initial disbelief in Jesus' resurrection,James was another of the twelve apostles,Peter was known for his denial of Jesus three times before the rooster crowed,New Testament Characters,draft
18692,Who was the tax collector that became one of Jesus' apostles?,medium,Luke,Matthew,Mark,John,2,Luke was a physician who wrote one of the Gospels.,Matthew was a tax collector before he became an apostle of Jesus.,Mark was a disciple of Jesus but he was not a tax collector.,John was a fisherman who became one of Jesus' apostles.,New Testament Characters,draft
18693,Who was called the 'Beloved Disciple' in the New Testament?,medium,Matthew,Peter,James,John,4,"Matthew was a disciple, but was not called the Beloved Disciple.","Peter was a disciple, but was not called the Beloved Disciple.","James was a disciple, but was not called the Beloved Disciple.","John was a disciple and he was called the Beloved Disciple. He is believed to have written the Gospel of John, the three epistles of John, and the book of Revelation.",New Testament Characters,draft
18694,Who was the tax collector that became one of Jesus' disciples?,medium,Matthew,Mark,Luke,John,1,"Matthew, also known as Levi, was a tax collector before he became a disciple of Jesus.",Mark was a companion of Peter and wrote one of the gospels.,Luke was a physician and the author of one of the gospels and the book of Acts.,John was a disciple of Jesus and the author of one of the gospels and several letters in the New Testament.,New Testament Characters,draft
18695,What event marks the birth of Jesus Christ and is celebrated on December 25th every year?,medium,Easter,Christmas,Pentecost,All Saints' Day,2,Easter celebrates the resurrection of Jesus Christ.,Christmas celebrates the birth of Jesus Christ on December 25th.,Pentecost celebrates the descent of the Holy Spirit upon the apostles and followers of Jesus Christ.,All Saints' Day is a day when Christians commemorate and honor saints and martyrs.,Key Christian Events,draft
18696,Which disciple of Jesus betrayed him for thirty pieces of silver?,medium,Peter,Andrew,Judas Iscariot,John,3,Peter was one of Jesus' closest and most trusted disciples.,Andrew was the brother of Peter and was also a disciple of Jesus.,Judas Iscariot was a disciple of Jesus who betrayed him to the authorities for thirty pieces of silver.,"John was another of Jesus' trusted disciples, who was present at the crucifixion.",Key Christian Events,draft
18697,What is the significance of the year 33 AD in Christianity?,medium,It is the year when Jesus was born,It is the year when Jesus was crucified and resurrected,It is the year when the Church of Rome was established,It is the year when the first Christian Bible was written,2,Incorrect. Jesus was likely born around 4 BC.,"Correct. According to Christian tradition, Jesus was crucified and resurrected in the year 33 AD.","Incorrect. The Church of Rome was established much later, in the 4th century AD.","Incorrect. The first Christian Bible was composed over several centuries, with the final books being written in the late 1st or early 2nd century AD.",Key Christian Events,draft
18698,What is the name of the event that commemorates the birth of Jesus Christ?,medium,Easter,Christmas,Pentecost,Passover,2,Incorrect. Easter commemorates the resurrection of Jesus Christ.,Correct! Christmas is widely celebrated as the birth of Jesus Christ.,Incorrect. Pentecost commemorates the descent of the Holy Spirit upon the Apostles.,Incorrect. Passover commemorates the liberation of the Israelites from slavery in ancient Egypt.,Key Christian Events,Draft
18699,Which event marks the beginning of the Christian church?,medium,The Great Schism,The Council of Nicaea,The Crucifixion of Jesus,The Pentecost,4,"The Great Schism refers to the split between the Eastern and Western branches of Christianity, which occurred much later.","The Council of Nicaea was important for the development of Christian doctrine, but did not mark the beginning of the church.","The Crucifixion of Jesus was a significant event in Christian history, but it did not mark the beginning of the church.","The Pentecost marks the day when the Holy Spirit descended upon Jesus' disciples, empowering them to spread his message and forming the beginning of the Christian church.",Key Christian Events,draft
18700,Which book of the Bible tells the story of Ruth?,medium,Genesis,Exodus,Ruth,Judges,3,Genesis is the first book of the Bible.,Exodus tells the story of Moses and the Israelites' escape from Egypt.,Ruth tells the story of a Moabite woman who becomes part of the Israelite family through marriage.,"Judges tells the story of the Israelites under their leaders, known as judges.",Books of the Bible,draft
18701,Which book of the Bible contains the story of Esther?,medium,Exodus,Esther,Ezra,Nehemiah,2,Exodus contains the story of Moses and the Israelites' journey out of Egypt.,The book of Esther tells the story of a Jewish woman who becomes queen and saves her people from genocide.,Ezra and Nehemiah tell the story of Israel's return from exile in Babylon.,Nehemiah tells the story of the rebuilding of the walls of Jerusalem after Israel's return from exile.,Books of the Bible,Draft
18702,In which book of the Bible can we read about the story of Samson and Delilah?,medium,Book of Judges,Book of Ruth,Book of Esther,Book of Daniel,1,"The story of Samson and Delilah can be found in the Book of Judges, specifically in chapters 13-16.",The Book of Ruth is about the loyalty and obedience of Ruth to her mother-in-law Naomi.,"The Book of Esther is about the bravery of Esther, a Jewish woman, who became queen of Persia and saved her people from destruction.",The Book of Daniel tells the story of a Jewish man named Daniel who was taken captive by the Babylonians and served in the court of King Nebuchadnezzar.,Books of the Bible,draft
18703,In which book of the Bible did God tell Moses the Ten Commandments?,medium,Exodus,Deuteronomy,Leviticus,Genesis,1,Exodus 20:1-17 records the Ten Commandments that God spoke to Moses on Mount Sinai.,Deuteronomy contains the retelling of the commandments to the new generation of Israelites who were about to enter the Promised Land.,Leviticus describes the regulations and procedures for worship and sacrifice in the tabernacle.,Genesis is the first book of the Bible that tells the story of creation and the origins of humanity.,Books of the Bible,draft
18704,"Which book of the Bible is a letter written by the apostle Paul to Philemon, urging him to forgive his runaway slave, Onesimus?",medium,Titus,1 Timothy,2 Timothy,Philemon,4,"The book of Titus is a letter written by the apostle Paul to Titus, a Greek Christian leader.","The book of 1 Timothy is a letter written by the apostle Paul to his younger colleague, Timothy, whom he had left to lead the Christian church in Ephesus.","The book of 2 Timothy is a letter written by Paul to Timothy, his beloved son and faithful disciple.","The book of Philemon is a personal letter written by Paul to his friend Philemon, urging him to forgive his runaway slave Onesimus and accept him back as a brother in Christ.",Books of the Bible,draft
18705,"In the parable of the Good Samaritan, who were the two people who walked past the man that was beaten and robbed?",medium,A priest and a Levite,A Pharisee and a scribe,A rich man and a tax collector,A Roman soldier and a merchant,1,"The parable of the Good Samaritan tells the story of a man who was beaten and robbed, left on the side of the road. The first two people to pass him were a priest and a Levite, both of whom chose to ignore him.","The Pharisees and scribes were often at odds with Jesus and his teachings, but they are not mentioned in the parable of the Good Samaritan.",The rich man and tax collector are not mentioned in the parable of the Good Samaritan.,The Roman soldier and merchant are not mentioned in the parable of the Good Samaritan.,Parables of Jesus,Draft
18706,What is the lesson taught in the Parable of the Talents?,medium,To use your talents to pursue your own interests.,To hide your talents away to avoid criticism.,To use your talents to serve others and glorify God.,To sell your talents to make a profit.,3,This choice goes against the key message of the parable.,This choice demonstrates fear and a lack of faith.,"This choice aligns with the parable's message to use our abilities to serve God and others, and not just for our own benefit.",This choice goes against the key message of the parable.,Parables of Jesus,draft
18707,What is the meaning of the Parable of the Prodigal Son?,medium,It's about a father who loves his two sons equally,It's about a son who wastes his inheritance and repents,It's about a son who manipulates his father to get what he wants,It's about a father who disowns his son for being disobedient,2,"While the Parable of the Prodigal Son does involve a father and two sons, the focus is primarily on the younger son who squanders his inheritance and comes to his senses after hitting rock bottom.","Correct! The Parable of the Prodigal Son teaches about God's mercy and forgiveness, even for those who have made grave mistakes.","This is not the correct answer. The younger son in the parable does take advantage of his father's generosity, but the story is not a lesson on manipulation.","No, the father in the story does not disown his son. In fact, he welcomes him back with open arms and celebrates his return.",Parables of Jesus,draft
18708,"In the parable of the sower, what does the seed that falls on the thorny ground represent?",medium,The people who are easily influenced by false teachings.,The people who hear the word of God but do not understand it.,The people who receive the word of God but do not bear fruit.,The people who hear the word of God but are choked by the cares and riches of this world.,4,"This choice is incorrect because it relates to the sower who sows the seed, not the seed itself.","This choice refers to the seed that falls on the hard ground, not the thorny ground.",This choice refers to the seed that falls on the good soil and produces fruit.,Correct! The Bible describes this as the seed that is choked by the cares and riches of this world and does not produce fruit.,Parables of Jesus,draft
18709,What is the message of the Parable of the Good Samaritan?,medium,There is no such thing as a good Samaritan,Everyone in need should be helped regardless of race or religion,Samaritans are bad people,Only help those who are in your own community and faith,2,This choice is incorrect because there is such a thing as a good Samaritan as evidenced by the parable,"This choice is the correct answer because the parable teaches us that we should show compassion to everyone, regardless of race or religion",This choice is incorrect because the Samaritan in the parable demonstrated kindness,This choice is incorrect because helping only those in your community and faith goes against the message of the parable,Parables of Jesus,draft
18710,What miracle did Jesus perform for his disciples in the Sea of Galilee?,medium,He turned water into wine,"He fed 5,000 people with five loaves and two fish",He raised Lazarus from the dead,He walked on water,4,"This miracle took place at the wedding in Cana, not in the Sea of Galilee.","This miracle also took place on land, not in the Sea of Galilee.","This miracle took place in Bethany, not in the Sea of Galilee.","This is the correct answer. Jesus walked on water in the Sea of Galilee, showing his divine power and the trust his disciples had in him.",Bible Miracles,draft
18711,"In what way did Jesus miraculously feed 5,000 people?",medium,He multiplied seven loaves of bread and a few small fish,He turned water into wine and the crowd drank and became satisfied,He called down manna from heaven to feed the people,He did not feed them miraculously but instead directed them to a town where they could buy food,1,Jesus multiplied the fishes and bread to feed the five thousand people who had gathered to listen to his teachings.,"This is not correct. Although Jesus turned water into wine at a wedding in Cana, this miracle had nothing to do with feeding 5,000 people.","This is not correct. Although manna from heaven was a miracle recorded in the Bible, it had nothing to do with feeding the 5,000 people.","This is not correct. Jesus performed a miraculous feeding where 5,000 people were fed by only 5 loaves of bread and 2 fish.",Bible Miracles,draft
18712,In which miracle did Jesus turn water into wine?,medium,Cleansing a Leper,Healing a Paralyzed Man,Feeding the 5000,Turning Water into Wine,4,Cleansing a Leper was a miracle where Jesus healed a person who had leprosy.,Healing a Paralyzed Man was a miracle where Jesus healed a person who was paralyzed and couldn't walk.,Feeding the 5000 was a miracle where Jesus fed a large group of people with just a few loaves of bread and fish.,Turning Water into Wine was a miracle where Jesus turned water into wine at a wedding in Cana.,Bible Miracles,Draft
18713,Which miracle did Jesus perform for a blind man in Bethsaida?,medium,Healing the man's eyes with his saliva,Touching the man's eyes with his hands,Rubbing mud in the man's eyes,Asking the man to wash his eyes in the pool of Siloam,4,There is no account of Jesus healing a blind man with his saliva.,"Though touching the eyes of a blind man is a common method used in healing during that time, it is not the miracle that was performed in Bethsaida.",Rubbing mud was part of a miracle Jesus performed for a different blind man in John 9.,"According to Mark 8:22-26, when Jesus laid his hands on the man's eyes and asked him to look up, the man's sight was restored partly, and Jesus had to touch his eyes again before he could see clearly. Jesus then instructed the man to go wash his eyes in the pool of Siloam.",Bible Miracles,draft
18714,In which miracle did Jesus heal a man born blind?,medium,"Feeding of the 5,000",Turning water into wine,Healing of the lepers,Healing the blind man of Bethsaida,4,"This is incorrect. The feeding of the 5,000 miracle is when Jesus feeds 5,000 people with only five loaves of bread and two fish.",This is incorrect. The turning water into wine miracle is when Jesus changes water into wine at a wedding in Cana.,This is incorrect. The healing of the lepers miracle is when Jesus healed 10 lepers but only one thanked and praised God.,This is correct. The healing the blind man of Bethsaida is when Jesus heals a man born blind. (John 9:1-41),Bible Miracles,draft
18715,What does the dove symbolize in Christian art and literature?,medium,The Holy Spirit,Humility,Sacrifice,Love,1,"In Christian art and literature, the dove is a symbol of the Holy Spirit, which descended upon Jesus during his baptism in the Jordan River.","While humility is an important Christian value, it is not typically symbolized by a dove in Christian art and literature.","Sacrifice is an important Christian concept, but it is not typically symbolized by a dove in Christian art and literature.","Love is an important aspect of Christian faith, but it is not typically symbolized by a dove in Christian art and literature.",Christian Symbols,draft
18716,What do the three points of the Trinity symbol represent?,medium,"The Father, the Son, and the Holy Spirit","The Holy Spirit, the crown, and the cross","The Father, the Son, and the Bible","The Bible, the Holy Spirit, and the cross",1,"The Trinity symbol, also known as the Triquetra, represents the Father, the Son, and the Holy Spirit in Christian theology.","The crown, the cross, and the Holy Spirit are all important symbols in Christianity, but they are not the three points of the Trinity symbol.","While the Bible is an important symbol in Christianity, it is not represented in the three points of the Trinity symbol.","The cross and the Holy Spirit are both important symbols in Christianity, but they are not part of the three points of the Trinity symbol.",Christian Symbols,Draft
18717,What does the Christian symbol of the dove represent?,medium,Eternal life,Creation,The Holy Spirit,The Resurrection,3,Incorrect. Eternal life is often represented by other symbols like the vine or the fish.,Incorrect. Creation is often represented by the globe or the world surrounded by water.,"Correct! The dove is commonly seen as a symbol of the Holy Spirit, as it is believed to have descended from heaven at the baptism of Jesus.",Incorrect. The Resurrection is often represented by the butterfly or phoenix.,Christian Symbols,draft
18718,What is the significance of the cross in Christianity?,medium,It represents the power of the Roman Empire.,It symbolizes the violent death of Jesus on the cross.,It represents the ancient Egyptian ankh symbol.,It is a symbol of good luck and prosperity.,2,Incorrect. The cross has no connection with the power of the Roman Empire.,Correct. The cross is a symbol of the violent death of Jesus and his sacrifice for the sins of humanity.,Incorrect. The cross has no connection with the ancient Egyptian ankh symbol.,Incorrect. The cross is not a symbol of good luck or prosperity.,Christian Symbols,draft
18719,What does the Ichthus symbol represent in Christianity?,medium,The Holy Trinity,The resurrection of Jesus,The five wounds of Christ,The significance of fish in the Bible,4,This is not the correct representation of the Ichthus symbol.,This is not the correct representation of the Ichthus symbol.,This is not the correct representation of the Ichthus symbol.,"The Ichthus symbol, also known as the fish symbol, represents the significance of fish in the Bible. Jesus' disciples were fishermen and he called them to be 'fishers of men'. Additionally, Jesus performed multiple miracles involving fish, such as feeding a multitude of people with loaves of bread and a few fishes. This symbol can be found on bumper stickers and jewelry as a way of identifying oneself as a Christian. ",Christian Symbols,draft
18720,What was the city built by King Solomon in the hill country of Judah?,medium,Bethel,Hebron,Ziklag,Debir,4,Bethel was a city in the land of Benjamin.,Hebron was an ancient city south of Jerusalem.,Ziklag was a city given to David by King Achish of Gath.,"Debir was a city in the hill country of Judah, which was rebuilt by King Solomon as a fortified city.",Biblical Geography,draft
18721,What city was known as the city of David and the capital of Israel during his reign?,medium,Jericho,Bethlehem,Hebron,Jerusalem,4,Jericho is an ancient city in the Jordan River Valley.,Bethlehem is where Jesus was born.,"Hebron was an important city in ancient Israel, but it was never the capital.",Jerusalem was the city of David and the capital of Israel during his reign. It is still an important city in Israel today.,Biblical Geography,draft
18722,Which river did the prophet Elisha ask the Syrian military commander to wash in to be healed of his leprosy?,medium,Nile River,Jordan River,Euphrates River,Tigris River,2,Incorrect. The Nile River is in Egypt and is not mentioned in the story of Elisha and the Syrian commander.,"Correct! Elisha instructed Naaman, the Syrian commander, to go to the Jordan River and wash himself seven times in it in order to be cleansed of his leprosy, which he did and was healed.","Incorrect. While the Euphrates is mentioned in the Bible, it is not the river referred to in this story.","Incorrect. While the Tigris is mentioned in the Bible, it is not the river referred to in this story.",Biblical Geography,draft
18723,What body of water is located at the eastern edge of the Promised Land in the Bible?,medium,Dead Sea,Mediterranean Sea,Red Sea,Sea of Galilee,1,"Correct! The Dead Sea is located at the eastern edge of the Promised Land, also known as the Jordan Rift Valley.",Incorrect. The Mediterranean Sea is located to the west of the Promised Land.,Incorrect. The Red Sea is located to the south of the Promised Land.,Incorrect. The Sea of Galilee is located in the northern part of the Promised Land.,Biblical Geography,draft
18724,Which river was the location of Jesus' baptism?,medium,Jordan River,Nile River,Euphrates River,Tigris River,1,The Jordan River is the river where John the Baptist was baptizing and where Jesus was baptized.,The Nile River is a major river in Egypt.,The Euphrates River is a river in Mesopotamia.,The Tigris River is a river in Mesopotamia.,Biblical Geography,draft
18725,Which Christian denomination places a strong emphasis on baptism as a public declaration of one's faith?,medium,Baptist,Methodist,Lutheran,Presbyterian,1,"Correct! Baptists believe that baptism is a symbol of a person's commitment to following Jesus, and should be celebrated publicly.","Incorrect. Although many Methodists do practice baptism, their emphasis is more on recognizing the presence of God's grace in one's life.","Incorrect. Lutherans also place importance on baptism, but not necessarily as a public declaration of faith.","Incorrect. While some Presbyterian denominations do recognize the importance of baptism, it is not a central tenet of their faith.",Christian Denominations,Draft
18726,What is the origin of the Baptist denomination?,medium,England,Germany,Switzerland,Italy,1,The Baptist denomination originated in 17th century England.,"The Baptist denomination originated in 17th century England, not Germany.","The Baptist denomination originated in 17th century England, not Switzerland.","The Baptist denomination originated in 17th century England, not Italy.",Christian Denominations,draft
18727,Which Christian denomination is known for its strict adherence to pacifism and nonviolence?,medium,Lutheranism,Mennonitism,Methodism,Orthodox Christianity,2,"Lutherans believe in the doctrine of 'two kingdoms,' which allows for the use of force in secular affairs.","Mennonites have a longstanding tradition of pacifism and nonviolence, which stems from their belief in following Jesus' example of love and sacrifice.","While Methodists do believe in social justice and peace, they do not have a strict doctrine on pacifism like the Mennonites do.","Orthodox Christianity is a broad term that encompasses many different traditions and practices. While some individual Orthodox Christians may be pacifists, it is not a defining characteristic of the denomination as a whole.",Christian Denominations,draft
18728,Which Christian denomination is known for its emphasis on baptism by immersion?,medium,Methodist,Presbyterian,Lutheran,Baptist,4,The Methodist denomination typically practices infant baptism.,The Presbyterian denomination practices infant baptism as well as baptism of believers.,"The Lutheran denomination practices both infant baptism and baptism of believers, but not necessarily by immersion.",The Baptist denomination places significant emphasis on baptism by immersion as a symbol of repentance and salvation.,Christian Denominations,draft
18729,What is the largest Protestant denomination in the United States?,medium,Methodist,Baptist,Presbyterian,Lutheran,2,"Incorrect, while the Methodist church is relatively large, it is not the largest",Correct! The Baptist denomination has the highest number of adherents among Protestant denominations in the United States,"Incorrect, while the Presbyterian church is relatively large, it is not the largest","Incorrect, while the Lutheran church is relatively large, it is not the largest",Christian Denominations,draft
18730,What is the Christian festival that marks the end of the Lenten season and the beginning of the Easter season?,medium,Christmas,Good Friday,Maundy Thursday,Easter Sunday,4,"Sorry, this is incorrect. Christmas is celebrated to commemorate the birth of Jesus Christ.","Sorry, this is incorrect. Good Friday is observed to commemorate the crucifixion of Jesus Christ.","Sorry, this is incorrect. Maundy Thursday is observed to commemorate the Last Supper of Jesus Christ with his apostles.",Correct! Easter Sunday marks the resurrection of Jesus Christ from the dead.,Christian Festivals,draft
18731,What is the Christian festival that celebrates the resurrection of Jesus Christ?,medium,Christmas,Easter,Pentecost,All Saints' Day,2,Christmas is the Christian festival that celebrates the birth of Jesus Christ.,Easter is the Christian festival that celebrates the resurrection of Jesus Christ.,Pentecost is the Christian festival that celebrates the descent of the Holy Spirit upon the Apostles.,"All Saints' Day is the Christian festival that honors all the saints, known and unknown.",Christian Festivals,draft
18732,What is the Christian festival commemorating the descent of the Holy Ghost upon the apostles?,medium,Easter,Pentecost,Christmas,Epiphany,2,Easter is the celebration of the resurrection of Jesus Christ,Pentecost is the celebration of the descent of the Holy Ghost,Christmas is the celebration of the birth of Jesus Christ,Epiphany is the celebration of the visit of the Magi to the baby Jesus,Christian Festivals,draft
18733,What is the meaning behind Pentecost in Christianity?,medium,Celebration of the resurrection of Jesus Christ,Celebration of the birth of Jesus Christ,Celebration of the arrival of the wise men to visit Jesus Christ,Celebration of the descent of the Holy Spirit upon the apostles,4,Incorrect answer. Easter is the celebration of the resurrection of Jesus Christ.,Incorrect answer. Christmas is the celebration of the birth of Jesus Christ.,Incorrect answer. The Feast of Epiphany is the celebration of the arrival of the wise men to visit Jesus Christ.,"Correct answer. The feast commemorates the descent of the Holy Spirit upon the Apostles and other followers of Jesus Christ, which occurred 50 days after his resurrection.",Christian Festivals,draft
18734,What is the Christian holiday commemorating the descent of the Holy Spirit on the disciples of Jesus?,medium,Easter,Advent,Pentecost,Christmas,3,Easter is a Christian holiday celebrating the resurrection of Jesus from the dead. ,Advent is a Christian season of preparation leading up to Christmas.,Pentecost is a Christian festival commemorating the descent of the Holy Spirit on the disciples of Jesus.,Christmas is a Christian holiday celebrating the birth of Jesus.,Christian Festivals,draft
18735,"In Christian theology, what is the name given to the doctrine of the end of the world and Judgement Day?",medium,Apocalypse,Revelation,Armageddon,Rapture,2,"Although the Apocalypse is a common term used to refer to the end of the world, it is not the official doctrine name.","Revelation, or the Second Coming of Christ, marks the end of the world and the beginning of a new, eternal age.","Armageddon refers to the final conflict between the forces of good and evil, not necessarily the end of the world.","The Rapture refers to the belief in a sudden, miraculous taking of the church with the faithful being transported directly to heaven.",Christian Theology,Draft
18736,What is the concept of atonement in Christian theology?,medium,The practice of confession and repentance to make amends for one's sins,The belief in multiple gods that each have their own domain in the universe,The teaching that God became human in the person of Jesus to sacrifice himself and make amends for humanity's sins,The study of the end of the world and the eventual judgement of humanity,3,"This answer describes the practice of confession and repentance, but not atonement.","This answer describes the belief of polytheism, which has no relation to atonement in Christianity.","This answer is correct. Atonement refers to the belief that God became human in the person of Jesus to sacrifice himself and make amends for humanity's sins, allowing humanity to be reconciled to God.","This answer describes eschatology, which is related to the end of the world, but not to atonement in Christianity.",Christian Theology,draft
18737,"According to the Nicene Creed, which of the following statements about God the Father is true?",medium,He is a created being.,He is the same person as Jesus Christ.,He possesses distinct roles within the Trinity.,He is subordinate to the Holy Spirit.,3,"This statement contradicts Christian orthodoxy, which holds that God the Father is eternal.","This statement contradicts Christian orthodoxy, which holds that God the Father and Jesus Christ are two distinct persons united in the Trinity.","This statement is consistent with the Nicene Creed, which affirms that God the Father possesses a distinct role as the creator of the universe and the source of salvation.","This statement contradicts Christian orthodoxy, which holds that all members of the Trinity are equal in power and authority.",Christian Theology,draft
18738,What is the meaning of the term 'Trinity' in Christian theology?,medium,"The belief in one God in three persons: the Father, the Son, and the Holy Spirit.",The belief in the divinity of Jesus Christ.,The belief that human beings have free will.,The belief that the Bible is the ultimate authority in matters of faith and practice.,1,"The term 'Trinity' refers to the belief in one God in three persons: the Father, the Son, and the Holy Spirit. This is a fundamental doctrine of Christian theology.","The belief in the divinity of Jesus Christ is a separate doctrine in Christian theology, and is not directly related to the concept of the Trinity.","The belief in free will is also an important concept in Christian thought, but it is not directly related to the Trinity.","The belief in the authority of the Bible is another important concept in Christian theology, but it is not directly related to the Trinity.",Christian Theology,draft
18739,What is the significance of the doctrine of the Trinity in Christian theology?,medium,The doctrine of the Trinity is the belief in three separate gods,"The doctrine of the Trinity is the belief that the Father, Son, and Holy Spirit are separate beings",The doctrine of the Trinity is the belief that there is one God in three persons,"The doctrine of the Trinity is the belief in the Father, Son, and Holy Spirit as three manifestations of the same divine being",3,This is not correct as Christianity is a monotheistic religion and only believes in one God.,This is not correct because Christianity teaches that there is only one God.,"This is the correct answer as the doctrine of the Trinity teaches that there is only one God in three persons - the Father, Son, and Holy Spirit.","This statement is close to the truth, but it is better to say that there is one God in three persons rather than the same divine being being manifested in three ways.",Christian Theology,Draft
18740,What is the Moral Argument for the existence of God?,medium,God's existence is necessary for objective moral values and duties.,God's existence is necessary for physical laws to exist.,God's existence is necessary for the universe to exist.,God's existence is necessary for intelligent life to exist.,1,"The Moral Argument states that if God does not exist then objective moral values and duties do not exist, but they do exist, therefore God must exist.",This is not the premise or conclusion of the Moral Argument.,This is not the premise or conclusion of the Moral Argument.,This is not the premise or conclusion of the Moral Argument.,Christian Apologetics,draft
18741,What is the ontological argument for the existence of God?,medium,The argument from fine-tuning,The argument from design,The argument from morality,The argument from being,4,"The argument from fine-tuning points to the fact that the universe's conditions are finely-tuned for life, while the argument from design states that the complexity of the universe proves intelligent design.","The argument from morality asserts that objective morality exists, and it must have been created by a moral lawgiver. ",The ontological argument contends that the very concept of God proves His existence.,"The ontological argument asserts that since we can conceive of the greatest conceivable being, a being that exists in reality must be greater than one that exists only in our minds.",Christian Apologetics,draft
18742,What is the 'Trilemma' argument presented by C.S. Lewis in his book 'Mere Christianity'?,medium,Jesus was a liar and a fraud,Jesus was a lunatic and insane,Jesus was the Son of God,Jesus never really existed,3,This is not the argument presented by C.S. Lewis.,This is not the argument presented by C.S. Lewis.,"Lewis' argument is that Jesus could not have simply been a good moral teacher, and that the only other options are that he was either a liar or a lunatic, or that he was truly the Son of God.",This is not the argument presented by C.S. Lewis.,Christian Apologetics,draft
18743,What is the Kalam Cosmological Argument?,medium,A theological argument for the existence of God based on the idea of cause and effect,A philosophical argument against the existence of God based on the problem of evil,A scientific argument for the existence of extraterrestrial life,An epistemological argument for the reliability of the Bible,1,"The Kalam Cosmological Argument is a philosophical argument for the existence of God that uses the idea of cause and effect. It states that everything that begins to exist has a cause, and since the universe began to exist, it must have had a cause, which is God.","The problem of evil is a philosophical argument against the existence of God, which states that the existence of evil is incompatible with the existence of a good and all-powerful God.",The search for extraterrestrial life is a scientific pursuit that has no bearing on the existence or non-existence of God.,"The reliability of the Bible is an important topic for Christian apologetics, but it is not related to the Kalam Cosmological Argument.",Christian Apologetics,Draft
18744,What is the teleological argument for the existence of God?,medium,"The argument that the universe began to exist, thus it must have a cause",The argument that morality is subjective and requires a moral lawgiver,The argument that certain features of the universe suggest it was designed by an intelligent creator,The argument that personal experience of God's existence is evidence of His existence,3,This is the cosmological argument.,This is the moral argument.,This is the teleological argument.,This is the argument from religious experience.,Christian Apologetics,Draft
18745,What is the name of the traditional prayer of confession in Christian liturgy?,medium,Our Father,Hail Mary,Gloria Patri,Kyrie Eleison,4,The Our Father is a prayer Jesus taught his disciples.,The Hail Mary is a prayer asking for the intercession of the Virgin Mary.,"The Gloria Patri, also known as the Glory Be, is a prayer of praise to the Trinity.","Kyrie Eleison is Greek for 'Lord, have mercy' and is often used as a prayer of confession in Christian liturgy.",Christian Worship and Liturgy,Draft
18746,What is the meaning of the term 'liturgy' in the context of Christian worship? ,medium,A prayer recited by the priest during the Eucharistic celebration,A type of music traditionally sung during the Christmas season,The collection of sacred writings in the Old and New Testaments,The established form or order of public worship,4,This choice describes a prayer called the Eucharistic Prayer,This choice describes Christmas Carols,This choice describes the Bible,This choice correctly defines the term 'liturgy' as the established form or order of public worship,Christian Worship and Liturgy,Draft
18747,What is the name of the liturgical book used by Roman Catholics containing instructions for the celebration of Mass and other liturgies?,medium,Lectionary,Breviary,Missal,Ritual,3,The Lectionary is the book containing the readings for Mass.,The Breviary is the Catholic liturgical book containing the Liturgy of the Hours.,The Missal is the Catholic liturgical book containing instructions for the celebration of Mass.,The Ritual is a Catholic liturgical book containing instructions for the administration of the sacraments and other rituals.,Christian Worship and Liturgy,draft
18748,What is the name of the liturgical book that contains the chants and prayers for the seven celebrations of the Catholic Church sacraments?,medium,Gradual,Sacramentary,Lectionary,Liturgy of the Hours,2,The Gradual contains the propers for the Mass.,The Sacramentary contains the chants and prayers for the seven celebrations of the Catholic Church sacraments.,The Lectionary contains the scripture readings for the Mass.,The Liturgy of the Hours contains the prayers for each of the seven daily hours of the day.,Christian Worship and Liturgy,draft
18749,Which of the following is not a liturgical color used in Christian worship?,medium,Green,Red,Gold,Purple,3,Green is used in Ordinary Time after Epiphany and after Pentecost.,"Red is used on Pentecost, on the feast of the Holy Cross, and on the feasts of apostles and martyrs.","Gold is not a liturgical color, though it is sometimes used as an accent color. It can represent the glory and majesty of God.","Purple is used in Advent and Lent to represent prayer, penance, and preparation.",Christian Worship and Liturgy,draft
18750,"According to the Bible, what is the most important commandment given by Jesus Christ?",medium,Love your neighbor as yourself,Honor your father and mother,Do not bear false witness,Do not steal,1,"This commandment is mentioned several times in the New Testament, including Matthew 22:37-40 and Mark 12:28-34.","While honoring one's parents is a commandment in the Old Testament, it is not the most important commandment according to Jesus in the New Testament.","While speaking the truth and avoiding lies is important, it is not the most important commandment according to Jesus in the New Testament.","While not stealing is important, it is not the most important commandment according to Jesus in the New Testament.",Christian Practices,Draft
18751,What is the significance of confession of sins in the Christian faith?,medium,It removes the sinful nature of a person.,It is a way to earn forgiveness from God.,It helps a person take responsibility for their actions.,It is not necessary for salvation.,3,Confession of sins does not remove the sinful nature as it is a continuous process.,"Forgiveness cannot be earned, but is received through grace by faith in Jesus Christ.",Confession helps a person take responsibility for their actions and come to terms with their mistakes.,Confession is an important part of Christian faith and has been practiced since biblical times.,Christian Practices,draft
18752,What is the purpose of fasting in Christianity?,medium,To prove to God your devotion,To punish yourself for your sins,To deny the desires of the flesh,To earn forgiveness from God,3,Fasting is not meant to prove one's devotion to God.,Fasting is not a form of punishment for sin.,"By denying the desires of the flesh, Christians can focus more on their spiritual life and draw closer to God.","Fasting does not earn forgiveness from God, as salvation is based on faith alone.",Christian Practices,draft
18753,What is fasting in Christianity?,medium,Eating a restricted diet,Going without food or certain types of food for a specific period of time,Going without water for a specific period of time,Going without sleep for a specific period of time,2,"This is not correct. Fasting is not necessarily about eating less food, but rather about abstaining from food altogether or certain types of food.",Correct! Fasting is a practice commonly associated with Christianity that involves going without food or certain types of food for a specific period of time.,"This is not correct. While some may include abstaining from water in their fasting practice, going without water for an extended period of time can be dangerous and is not recommended.",This is not correct. Going without sleep for extended periods of time is not a recommended practice in Christianity or any other religion.,Christian Practices,draft
18754,What is the significance of the sacrament of Holy Communion?,medium,It is a symbolic act of remembrance of Jesus' sacrifice on the cross.,It is a way to earn forgiveness for sins.,It is a means of experiencing the physical presence of Jesus.,It is a form of idol worship.,1,"Holy Communion is a symbolic act of remembrance of Jesus' sacrifice on the cross, as he instructed his disciples to eat bread and drink wine in memory of him.","Holy Communion is not a means of earning forgiveness for sins, as forgiveness comes only through faith in Jesus Christ and repentance.","Although some Christians believe in the real presence of Jesus in the sacrament, most see it as a spiritual rather than physical experience.","Holy Communion is not a form of idol worship, as it is not an object or person being worshipped but rather a remembrance of Jesus' sacrifice.",Christian Practices,Draft
18755,What is the most popular Bible verse?,medium,"For God so loved the world that he gave his only begotten Son, that whoever believes in him shall not perish but have eternal life.","Do not be anxious about anything, but in every situation, by prayer and petition, with thanksgiving, present your requests to God.","Trust in the Lord with all your heart and lean not on your own understanding; in all your ways submit to him, and he will make your paths straight.","The Lord is my shepherd, I lack nothing. He makes me lie down in green pastures, he leads me beside quiet waters, he refreshes my soul.",1,John 3:16 is the most well-known and widely quoted Bible verse.,Philippians 4:6 is a popular verse about overcoming anxiety and relying on God.,Proverbs 3:5-6 encourages us to trust in God and follow His guidance.,Psalm 23 is a famous psalm about the Lord's provision and care for His people.,Popular Bible Verses,Draft
18756,Which popular Bible verse talks about love?,medium,"For God so loved the world, that he gave his only Son, that whoever believes in him should not perish but have eternal life. (John 3:16)","Beloved, let us love one another, for love is from God, and whoever loves has been born of God and knows God. (1 John 4:7)","So now faith, hope, and love abide, these three; but the greatest of these is love. (1 Corinthians 13:13)",Love is patient and kind; love does not envy or boast; it is not arrogant or rude. It does not insist on its own way; it is not irritable or resentful. (1 Corinthians 13:4-5),2,John 3:16 talks about God's love for the world and how he sent his only son to save us.,1 John 4:7 emphasizes that love comes from God and encourages believers to love one another.,"1 Corinthians 13:13 mentions faith, hope, and love as three important virtues, with love being the greatest.","1 Corinthians 13:4-5 describes what love should look like in action, with qualities such as patience and kindness.",Popular Bible Verses,draft
18757,"Which popular Bible verse says, ""For God so loved the world that he gave his only begotten Son, that whosoever believeth in him should not perish, but have everlasting life?""",medium,John 8:32,John 1:1,John 3:16,John 14:6,3,This verse is not found in John 8:32.,This verse is not found in John 1:1.,This is the correct answer. This verse is found in John 3:16 and is one of the most well-known verses in the Bible.,This verse is not found in John 14:6.,Popular Bible Verses,draft
18758,"Which popular Bible verse says, 'For God so loved the world that he gave his one and only Son, that whoever believes in him shall not perish but have eternal life'?",medium,John 3:16,Psalm 23:1,Romans 8:28,1 Corinthians 13:13,1,"'For God so loved the world that he gave his one and only Son, that whoever believes in him shall not perish but have eternal life' is a popular Bible verse from John 3:16.","Psalm 23:1 says, 'The Lord is my shepherd, I lack nothing.'","Romans 8:28 says, 'And we know that in all things God works for the good of those who love him, who have been called according to his purpose.'","1 Corinthians 13:13 says, 'And now these three remain: faith, hope and love. But the greatest of these is love.'",Popular Bible Verses,draft
18759,What is the most popular verse in the Bible?,medium,Genesis 1:1 - In the beginning God created the heavens and the earth.,"John 3:16 - For God so loved the world that he gave his one and only Son, that whoever believes in him shall not perish but have eternal life.","Psalm 23:1 - The Lord is my shepherd, I lack nothing.",Philippians 4:13 - I can do all this through him who gives me strength.,2,This verse is the first verse in the Bible and describes the creation of the universe.,This is the most famous and oft-quoted Bible verse that highlights the nature and mission of God.,This is a powerful and comforting psalm that is often read at funerals.,This verse emphasizes the believer's strength coming from God and relying on Him for all things.,Popular Bible Verses,draft
18760,What are the similarities between Jesus in Christianity and Islam?,medium,Both agree that Jesus was a prophet,Both believe that Jesus was born of a virgin,Both affirm that Jesus performed miracles,All of the above,4,"Muslims consider Jesus to be a prophet sent by God, but not divine.",Both religions agree that Jesus was born of the Virgin Mary.,"Both affirm that Jesus performed many miracles, including healing the sick and raising the dead.",All of the above are similarities between Jesus in Christianity and Islam.,Gospel Sharing with Muslims,draft
18761,What is the most effective way to initiate a Gospel conversation with a Muslim?,medium,Start with the similarities between Islam and Christianity,Ask them about their background and culture,Share your personal testimony,Use apologetics to highlight the differences between Islam and Christianity,2,"This approach may work with some Muslims, but it can also cause confusion or defensiveness.",Showing interest in their personal lives and culture can help build rapport and establish common ground.,"Sharing your personal testimony can be a powerful way to connect with another person, but it may not always be the most effective starting point with Muslims.",Focusing on differences can create tension and hinder the conversation. It is better to try to find common ground first.,Gospel Sharing with Muslims,draft
18762,What is the name of the Muslim holy book?,medium,The Hadith,The Quran,The Bible,The Tanakh,2,The Hadith is a collection of sayings and actions of the Prophet Muhammad.,The Quran is the holy book of Islam that contains the teachings of Allah as revealed to the Prophet Muhammad.,The Bible is the holy book of Christians and Jews that consists of the Old and New Testaments.,"The Tanakh is the Hebrew Bible, which consists of the Torah, Prophets, and Writings.",Gospel Sharing with Muslims,draft
18763,What is one major difference between the Islamic and Christian view of Jesus Christ?,medium,"Muslims believe Jesus is a prophet, while Christians believe he is the Son of God","Muslims believe Jesus is the Son of God, while Christians believe he is a prophet",Both Muslim and Christian faiths view Jesus in the same light,Muslims and Christians view Jesus as an important historical figure only,1,"Muslims consider Jesus to be a prophet, while Christians believe that he is the Son of God who died for the sins of the world, according to their faith.",Muslims do not believe that Jesus is the Son of God.,This is not true; Muslims and Christians have very different beliefs about Jesus Christ.,Both faiths place great significance on Jesus Christ as a spiritual figure rather than just a historical one.,Gospel Sharing with Muslims,draft
18764,Which of the following is not an effective way to share the Gospel with Muslims?,medium,Using the Quran to explain the teachings of Jesus,Explaining salvation through the sacrifice of Jesus on the cross,Comparing the similarities between Christianity and Islam,Confronting Muslims with the differences between Islam and Christianity,4,Using the Quran to explain the teachings of Jesus can be a helpful method in sharing the Gospel with Muslims as it shows the biblical teachings of Jesus are also mentioned in the Quran.,Explaining salvation through the sacrifice of Jesus on the cross is a key doctrine of the Christian faith and can be used to share the Gospel with Muslims who may be unfamiliar with this concept.,Comparing the similarities between Christianity and Islam can be a helpful way to show that the two religions have some common ground.,"Confronting Muslims with the differences between Islam and Christianity can often be counterproductive as it may create a sense of hostility and cause the person to become defensive. It's important to approach Gospel sharing with Muslims in a respectful and loving manner, building friendship and showing that Jesus' message of love and redemption is for everyone.",Gospel Sharing with Muslims,draft
