id,date_reviewed,question,skill,choice1,choice2,choice3,choice4,correct_choice,explanation1,explanation2,explanation3,explanation4,category,status
18348,,Which ecumenical council condemned the heresy of Nestorianism?,hard,The Council of Nicaea,The Council of Ephesus,The Council of Chalcedon,The Second Council of Constantinople,1,"The Council of Nicaea dealt with the Arian heresy and the nature of Jesus Christ, not Nestorianism.","The Council of Ephesus, held in 431 AD, condemned the heresy of Nestorianism.","The Council of Chalcedon dealt with the nature of Christ and the heresy of Monophysitism, not Nestorianism.","The Second Council of Constantinople dealt with the heresy of Monophysitism and the Three Chapters, not Nestorianism.",,
18349,,Which Christian mystic wrote 'The Dark Night of the Soul'?,hard,John of the Cross,Teresa of Avila,Julian of Norwich,Meister Eckhart,0,"John of the Cross, a Spanish mystic and Carmelite friar, wrote 'The Dark Night of the Soul', a spiritual treatise about the journey of the soul towards union with God.","Teresa of Avila was a Spanish mystic and Carmelite nun, but she did not write 'The Dark Night of the Soul'. She wrote 'The Interior Castle' and 'The Way of Perfection'.","Julian of Norwich was an English mystic who wrote 'Revelations of Divine Love', not 'The Dark Night of the Soul'.","Meister Eckhart was a German mystic and theologian, but he did not write 'The Dark Night of the Soul'.",,
18350,,Which theologian is known for developing the 'just war theory'?,hard,Augustine of Hippo,Thomas Aquinas,Martin Luther,John Calvin,0,"Augustine of Hippo is known for developing the just war theory, which provides criteria for determining when it is morally justifiable to engage in war.","Thomas Aquinas further developed the just war theory, building on the work of Augustine, but he is not the originator.","Martin Luther was a key figure in the Protestant Reformation, but he is not known for developing the just war theory.","John Calvin was a leading figure in the Reformation, but he is not known for developing the just war theory.",,
18351,,What is the theological concept of 'apostolic succession'?,medium,The direct transmission of spiritual authority from the apostles to bishops and priests,The process of choosing new apostles to replace those who died,The belief that the teachings of the apostles are the basis for Christian doctrine,The idea that the apostles founded various churches throughout the Roman Empire,0,Apostolic succession is the theological concept that spiritual authority is directly transmitted from the apostles to bishops and priests through the laying on of hands.,The process of choosing new apostles to replace those who died is not referred to as apostolic succession.,"The belief that the teachings of the apostles are the basis for Christian doctrine is an aspect of the apostolic tradition, but not specifically apostolic succession.","The idea that the apostles founded various churches throughout the Roman Empire is related to the concept of apostolic foundation, not apostolic succession.",,
18352,,Which of the following is NOT one of the four 'marks' of the Church as identified in the Nicene Creed?,medium,One,Holy,Apostolic,Hierarchical,3,"'One' is one of the four marks of the Church in the Nicene Creed, emphasizing its unity.","'Holy' is one of the four marks of the Church in the Nicene Creed, emphasizing its sanctity.","'Apostolic' is one of the four marks of the Church in the Nicene Creed, emphasizing its connection to the apostles.","'Hierarchical' is not one of the four marks of the Church in the Nicene Creed. The four marks are: One, Holy, Catholic, and Apostolic.",,
18353,,Which of these theologians is known for his 'Five Points of Calvinism'?,hard,John Calvin,Martin Luther,Huldrych Zwingli,Jacobus Arminius,0,"John Calvin is the theologian associated with the 'Five Points of Calvinism', which outline the core doctrines of his theology.","Martin Luther was a key figure in the Protestant Reformation, but he was not associated with the Five Points of Calvinism.","Huldrych Zwingli was an early Swiss Reformer, but he was not associated with the Five Points of Calvinism.","Jacobus Arminius was a theologian who opposed some of Calvin's teachings, and his followers developed the Five Articles of Remonstrance in response to the Five Points of Calvinism.",,
18355,,What is the name of the Christian doctrine that asserts the sinfulness and guilt of all human beings as a result of Adam and Eve's disobedience?,medium,Total depravity,Predestination,Original sin,Divine providence,2,Total depravity is a doctrine within Calvinism that asserts the total corruption of human nature due to sin.,Predestination is a doctrine asserting that God has eternally chosen those whom he intends to save.,Original sin is the Christian doctrine that asserts the sinfulness and guilt of all human beings as a result of Adam and Eve's disobedience.,Divine providence is the doctrine that God is continually involved with and governs all events and actions in the universe.,,
18357,,Which heresy denied the full divinity of Jesus Christ?,medium,Docetism,Arianism,Nestorianism,Monophysitism,1,"Docetism is a heresy that denied the full humanity of Jesus Christ, not his divinity.","Arianism is a heresy that denied the full divinity of Jesus Christ, claiming he was a created being.",Nestorianism is a heresy that separated the divine and human natures of Christ into two persons.,"Monophysitism is a heresy that claimed Christ had only one nature, which was a mixture of divine and human.",,
18359,,What is the 'Real Presence' in Catholic theology?,hard,An affirmation of the existence of God as a transcendent reality beyond the material world,The belief that the Eucharist is truly the body and blood of Jesus Christ,The belief in the resurrection of the dead and the immortality of the soul,The doctrine that the Pope is the supreme authority in matters of faith and morals,1,"While the existence of God is an important doctrine in Catholic theology, it is not what is meant by the Real Presence.","The Real Presence is the Catholic belief that the Eucharist is truly the body and blood of Jesus Christ, not just a symbol or memorial.",The belief in the resurrection of the dead and the immortality of the soul is another doctrine in Catholic theology.,"The doctrine of Papal supremacy is another important doctrine in Catholic theology, but it is not what is meant by the Real Presence.",,
18361,,What is the significance of the year 1517 in Christian history?,medium,"The year of the Council of Trent, which reaffirmed Catholic doctrine and established reforms",The year of the publication of John Calvin's 'Institutes of the Christian Religion',"The year of the publication of Martin Luther's Ninety-Five Theses, which sparked the Protestant Reformation","The year of the English Reformation, in which the Church of England broke away from the authority of the Pope",2,"The Council of Trent did not occur until the mid-16th century, much later than 1517.","John Calvin's 'Institutes of the Christian Religion' was first published in 1536, much later than 1517.","1517 is the year that Martin Luther is said to have posted his Ninety-Five Theses on the door of the Castle Church in Wittenberg, which challenged the sale of indulgences and sparked the Protestant Reformation.","The English Reformation did not begin until the reign of King Henry VIII, several years after 1517.",,
18362,,Which reformer is known for the doctrine of predestination?,medium,Martin Luther,John Calvin,Huldrych Zwingli,John Wesley,1,"Martin Luther is known for his doctrine of justification by faith alone, not predestination.","John Calvin is known for his doctrine of predestination, which holds that God has already chosen who will be saved and who will be damned.",Huldrych Zwingli was a Swiss Reformer who disagreed with Calvin on predestination.,"John Wesley was a leader in the Methodist movement, which developed later and did not emphasize predestination in the same way as Calvinism.",,
18363,,What is the significance of the year 1054 in Christian history?,hard,The year of the Great Schism between the Eastern Orthodox and Roman Catholic Churches,"The year of the Council of Nicaea, which formulated the Nicene Creed",The year of the publication of Thomas Aquinas' 'Summa Theologica',"The year of the Diet of Worms, at which Martin Luther was declared a heretic",0,"The year 1054 marks the Great Schism between the Eastern Orthodox and Roman Catholic Churches, which was the result of theological, cultural, and political differences that had been building for centuries.","The Council of Nicaea occurred in the year 325, much earlier than 1054.","Thomas Aquinas' 'Summa Theologica' was published in the 13th century, much later than 1054.","The Diet of Worms occurred in 1521, much later than 1054.",,
18364,,What is the 'Communion of Saints' in Catholic theology?,hard,The belief in the real presence of Christ in the Eucharist,The belief that the saints in heaven intercede for and can be called upon to pray for those on earth,The belief that the Church is the 'body of Christ' and all believers are members of that body,The belief that the Holy Spirit guides and preserves the Church in its teachings,1,The belief in the real presence of Christ in the Eucharist is a different doctrine in Catholic theology.,The Communion of Saints is the belief that the saints in heaven intercede for and can be called upon to pray for those on earth. This includes both canonized saints and other faithful departed.,The belief that the Church is the 'body of Christ' and all believers are members of that body is another doctrine in Catholic theology.,The belief that the Holy Spirit guides and preserves the Church in its teachings is another doctrine in Catholic theology.,,
18365,,What is the 'filioque' clause in the Nicene Creed?,hard,The statement that the Holy Spirit proceeds from the Father and the Son,The statement that the Son is consubstantial with the Father,"The statement that Jesus was crucified, died, and was buried",The statement that Jesus will come again to judge the living and the dead,0,"The filioque clause in the Nicene Creed is the statement that the Holy Spirit proceeds from the Father and the Son. This was a major point of theological controversy between the Eastern and Western churches, contributing to the Great Schism in 1054.","The statement that the Son is consubstantial with the Father is part of the Nicene Creed, but it is not the filioque clause.","The statement that Jesus was crucified, died, and was buried is part of the Apostles' Creed, not the Nicene Creed.","The statement that Jesus will come again to judge the living and the dead is also part of the Apostles' Creed, not the Nicene Creed.",,
18366,,What is the significance of the date 1517 in Christian history?,hard,The start of the Protestant Reformation with Martin Luther's posting of the 95 Theses,"The date of the Council of Trent, which addressed issues raised by the Protestant Reformation",The beginning of the Great Awakening in colonial America,The date of the publication of the King James Bible,0,"The date 1517 marks the start of the Protestant Reformation with Martin Luther's posting of the 95 Theses on the door of the Castle Church in Wittenberg, Germany.","The Council of Trent was a response to the Protestant Reformation, but it did not occur until 1545-1563.","The Great Awakening in colonial America occurred in the 18th century, well after 1517.","The King James Bible was first published in 1611, well after 1517.",,
18367,,What is the 'Immaculate Conception' in Catholic theology?,hard,The conception of Jesus by the Virgin Mary,The conception of Mary by her mother Saint Anne,The belief that Mary was sinless from the moment of her own conception,The belief that Mary was assumed bodily into heaven,2,"The conception of Jesus by the Virgin Mary is known as the Virgin Birth, not the Immaculate Conception.",The conception of Mary by her mother Saint Anne is not the Immaculate Conception.,"The Immaculate Conception is the belief that Mary was sinless from the moment of her own conception, in preparation for her role as the mother of Jesus.","The belief that Mary was assumed bodily into heaven is known as the Assumption, not the Immaculate Conception.",,
18368,,Which pope called for the Second Vatican Council?,hard,Pope John XXIII,Pope Paul VI,Pope Benedict XVI,Pope Francis,0,"Pope John XXIII called for the Second Vatican Council, which took place from 1962-1965.","Pope Paul VI was the pope during the Second Vatican Council, but he did not call for it.",Pope Benedict XVI was not pope during the time of the Second Vatican Council.,Pope Francis was not pope during the time of the Second Vatican Council.,,
18369,,Who is known as the 'Father of English Hymnody'?,hard,Charles Wesley,Isaac Watts,John Newton,Fanny Crosby,1,"Charles Wesley was a prolific hymn writer, but he is not considered the 'Father of English Hymnody'.",Isaac Watts is known as the 'Father of English Hymnody' for his significant contributions to English hymn writing.,"John Newton was a hymn writer, most famous for writing 'Amazing Grace', but he is not considered the 'Father of English Hymnody'.","Fanny Crosby was a prolific hymn writer, but she is not considered the 'Father of English Hymnody'.",,
18370,,Which 16th-century Christian reformer wrote 'Institutes of the Christian Religion'?,hard,Martin Luther,John Calvin,Ulrich Zwingli,Huldrych Zwingli,1,"Martin Luther was a 16th-century Christian reformer, but he did not write 'Institutes of the Christian Religion'.","John Calvin, a 16th-century Christian reformer, wrote 'Institutes of the Christian Religion', a foundational work of Reformed theology.","Ulrich Zwingli was a 16th-century Christian reformer, but he did not write 'Institutes of the Christian Religion'.","Huldrych Zwingli is an alternative spelling for Ulrich Zwingli, and he did not write 'Institutes of the Christian Religion'.",,
18371,,What is the Christian doctrine of 'original sin'?,hard,The belief that all humans are born with a sinful nature due to the sin of Adam and Eve,The belief that all humans are born in a state of grace and must choose to sin,The belief that all humans are destined to commit a specific sin,The belief that some humans are predestined for salvation while others are predestined for damnation,0,The Christian doctrine of original sin states that all humans are born with a sinful nature due to the sin of Adam and Eve in the Garden of Eden.,The belief that all humans are born in a state of grace and must choose to sin is not the doctrine of original sin.,The belief that all humans are destined to commit a specific sin is not the doctrine of original sin.,"The belief that some humans are predestined for salvation while others are predestined for damnation is the doctrine of predestination, not original sin.",,
18372,,"Which heresy taught that Jesus only appeared to be human, but was not truly incarnate?",hard,Arianism,Docetism,Modalism,Gnosticism,1,"Arianism is a heresy that denied the full divinity of Jesus Christ, not his humanity.","Docetism is a heresy that taught that Jesus only appeared to be human, but was not truly incarnate.","Modalism is a heresy that denied the distinct persons of the Trinity, claiming that the Father, Son, and Holy Spirit are different modes or aspects of the same divine being.","Gnosticism is a diverse set of religious and philosophical beliefs that incorporated elements of Christianity, but it is not specifically a heresy denying the incarnation of Jesus Christ.",,
18373,,Which of the following Christian theologians is considered a proponent of 'process theology'?,hard,Karl Barth,John Calvin,Alfred North Whitehead,Thomas Aquinas,2,"Karl Barth was an influential 20th-century Swiss theologian, but he was not a proponent of process theology.",John Calvin was a leading figure in the Protestant Reformation and is not associated with process theology.,"Alfred North Whitehead was an English mathematician and philosopher who developed process philosophy, which inspired the development of process theology.","Thomas Aquinas was a medieval theologian and philosopher who developed a synthesis of Aristotelian philosophy and Christian theology, but he is not associated with process theology.",,
18374,,Which Christian theologian is associated with the doctrine of 'double predestination'?,hard,Martin Luther,John Calvin,Jacobus Arminius,Jonathan Edwards,1,"Martin Luther was a key figure in the Protestant Reformation, but he is not associated with the doctrine of double predestination.","John Calvin, a leading figure in the Reformation, is associated with the doctrine of double predestination, which teaches that God predestines some people for salvation and others for damnation.","Jacobus Arminius was a theologian who opposed the Calvinist doctrine of predestination, advocating for a view of predestination based on God's foreknowledge.","Jonathan Edwards was an 18th-century American theologian and revivalist preacher, but he is not primarily associated with the doctrine of double predestination.",,
18375,,What was the primary language of the early Christian church?,hard,Greek,Aramaic,Latin,Hebrew,0,"Greek was the primary language of the early Christian church, as it was the lingua franca of the eastern Mediterranean region where Christianity emerged.","Aramaic was the language spoken by Jesus and his disciples, but Greek was the primary language of the early Christian church.","Latin became the primary language of the Western Christian church after the fall of the Western Roman Empire, but Greek was the primary language of the early Christian church.","Hebrew was the language of the Old Testament and Jewish religious tradition, but Greek was the primary language of the early Christian church.",,
18376,,"In Christian theology, what is 'pneumatology'?",hard,The study of the Holy Spirit,The study of the end times,The study of the Church,The study of salvation,0,Pneumatology is the study of the Holy Spirit in Christian theology.,The study of the end times is called eschatology.,The study of the Church is called ecclesiology.,The study of salvation is called soteriology.,,
18377,,Which early Christian theologian wrote 'The City of God'?,hard,Augustine of Hippo,Jerome,John Chrysostom,Tertullian,0,"Augustine of Hippo, an influential early Christian theologian, wrote 'The City of God', a philosophical and theological work addressing the relationship between Christianity and secular society.","Jerome was an early Christian theologian and translator of the Bible, but he did not write 'The City of God'.","John Chrysostom was an early Christian theologian and preacher, but he did not write 'The City of God'.","Tertullian was an early Christian apologist and theologian, but he did not write 'The City of God'.",,
18378,,What is the theological concept of 'theosis' or 'deification'?,hard,The process by which God became human in the person of Jesus Christ,The belief that humans can become divine beings,The belief that humans can participate in the divine nature and become more like God,The belief that all things will ultimately be reconciled with God,2,"The process by which God became human in the person of Jesus Christ is known as the Incarnation, not theosis or deification.","The belief that humans can become divine beings is not a mainstream Christian belief, and it is not the same as theosis or deification.","Theosis or deification refers to the belief that humans can participate in the divine nature and become more like God, particularly in Eastern Orthodox theology.","The belief that all things will ultimately be reconciled with God is called universalism, not theosis or deification.",,
18452,,Which apostle is traditionally considered the author of the Gospel of John?,easy,John the Baptist,John the Apostle,John the Evangelist,John the Presbyter,1,John the Baptist is not an apostle and did not write the Gospel of John.,John the Apostle is traditionally considered the author of the Gospel of John.,"John the Evangelist is often used interchangeably with John the Apostle, but the latter is the correct answer.",John the Presbyter is a different figure from John the Apostle and is not considered the author of the Gospel of John.,,
18453,,Who wrote the majority of the New Testament letters?,easy,John,James,Peter,Paul,3,"John wrote a few New Testament letters, but not the majority.",James wrote one New Testament letter.,Peter wrote two New Testament letters.,"Paul wrote the majority of the New Testament letters, with 13 out of 27 attributed to him.",,
18458,,Why is the Bible considered the Word of God?,easy,Because it was written by men,Because it contains moral teachings,Because it has been historically proven to be accurate,Because it is believed to be divinely inspired,4,"The Bible was written by men, but that is not why it is considered the Word of God.","While the Bible does contain moral teachings, that is not why it is considered the Word of God.","While the Bible has been historically proven to be accurate in many ways, that is not why it is considered the Word of God.","The Bible is believed by Christians to be divinely inspired, and therefore the Word of God.",,
18459,,Why do Christians believe in the Trinity?,easy,Because it is a historical fact,Because it is a philosophical concept,Because it is a biblical teaching,Because it is a cultural tradition,3,The Trinity is not a historical fact.,"While the Trinity is a philosophical concept, that is not why Christians believe in it.",The Trinity is a biblical teaching and is central to Christian theology.,"While the Trinity is a cultural tradition in some Christian communities, that is not why Christians believe in it.",,
18460,,What is the significance of the cross in Christianity?,easy,It is a symbol of peace,It is a symbol of hope,It is a symbol of God's love,It is a symbol of Jesus' sacrifice,4,"While the cross is sometimes associated with peace, that is not its primary significance in Christianity.","While the cross can be seen as a symbol of hope, that is not its primary significance in Christianity.","While the cross can be seen as a symbol of God's love, that is not its primary significance in Christianity.","The cross is primarily a symbol of Jesus' sacrifice and his death and resurrection, which are central events in Christian theology and history.",,
18463,,What is the capital of France?,easy,Paris,Rome,Berlin,Madrid,1,Paris is the capital of France.,Rome is the capital of Italy.,Berlin is the capital of Germany.,Madrid is the capital of Spain.,,
18464,,What is the capital of France?,easy,Paris,Rome,Berlin,Madrid,1,Paris is the capital of France.,Rome is the capital of Italy.,Berlin is the capital of Germany.,Madrid is the capital of Spain.,,
